{"cameraMode":{"drawMode":0,"name":"Shaded","section":"Shading Mode"},"sceneLighting":true,"audioPlay":false,"sceneViewState":{"showFog":true,"showMaterialUpdate":false,"showSkybox":true,"showFlares":true,"showImageEffects":true,"showParticleSystems":true},"in2DMode":false,"pivot":{"x":1.2350000143051148,"y":0.5,"z":0.5809999704360962},"rotation":{"x":0.16774609684944154,"y":0.7368357181549072,"z":-0.1979881078004837,"w":0.6242877244949341},"size":16.474069595336915,"orthographic":true}