{"cameraMode":{"drawMode":0,"name":"Shaded","section":"Shading Mode"},"sceneLighting":true,"audioPlay":false,"sceneViewState":{"showFog":true,"showMaterialUpdate":false,"showSkybox":true,"showFlares":true,"showImageEffects":true,"showParticleSystems":true},"in2DMode":false,"pivot":{"x":-77.4791259765625,"y":-373.81427001953127,"z":5.194319725036621},"rotation":{"x":0.13876453042030335,"y":0.8356268405914307,"z":0.24618110060691834,"w":-0.47102755308151247},"size":0.042514853179454806,"orthographic":true}